time_s,Ecell_V,I_mA,EnergyCharge_W_h,QCharge_mA_h,EnergyDischarge_W_h,QDischarge_mA_h,Temperature__C,cycleNumber,Ns,Clase
0,3.538316,1505.0242,0,0,0,0,19.981642,0,0,VAH25
10.00000047,3.5452902,1505.4182,0.014814664,4.178688503,0,0,19.965868,0,0,VAH25
20.00000095,3.5497034,1504.2361,0.029647886,8.357410174,0,0,19.997417,0,0,VAH25
30.00000142,3.552974,1505.2212,0.04449463,12.53609102,0,0,20.391788,0,0,VAH25
40.0000019,3.5554957,1504.63,0.059351634,16.7146936,0,0,20.147278,0,0,VAH25
50.00000237,3.5577416,1504.827,0.074218082,20.89331282,0,0,20.32869,0,0,VAH25
60.00000285,3.5595148,1504.4331,0.089091763,25.07188267,0,0,20.596861,0,0,VAH25
70.00000332,3.5612485,1504.236,0.103973394,29.25065073,0,0,20.565311,0,0,VAH25
80.0000038,3.5627458,1503.0538,0.118862145,33.42966079,0,0,20.486437,0,0,VAH25
90.00000427,3.5645192,1504.8271,0.133758143,37.60862498,0,0,20.636299,0,0,VAH25
100.0000047,3.5659375,1504.827,0.14865995,41.78755612,0,0,20.754608,0,0,VAH25
110.0000052,3.5673954,1504.2361,0.163567903,45.96650215,0,0,20.920244,0,0,VAH25
120.0000057,3.5689323,1504.2361,0.178482302,50.14545485,0,0,20.872919,0,0,VAH25
130.0000062,3.5704296,1504.4331,0.19340282,54.32436869,0,0,20.90447,0,0,VAH25
140.0000066,3.5719268,1505.6152,0.208330073,58.50341662,0,0,20.78616,0,0,VAH25
150.0000071,3.573503,1505.0242,0.223263706,62.68240653,0,0,20.999119,0,0,VAH25
160.0000076,3.5750003,1504.433,0.238203577,66.86139097,0,0,21.11743,0,0,VAH25
170.0000081,3.5764976,1504.2361,0.25314968,71.04036841,0,0,21.180529,0,0,VAH25
180.0000085,3.578192,1505.6152,0.268103226,75.21944731,0,0,21.5749,0,0,VAH25
190.000009,3.5796893,1504.827,0.283063171,79.39856551,0,0,21.346165,0,0,VAH25
200.0000095,3.5814624,1505.024,0.298030461,83.57766575,0,0,21.188416,0,0,VAH25
210.00001,3.5829992,1503.8419,0.313003894,87.75668795,0,0,21.26729,0,0,VAH25
220.0000104,3.5844965,1504.236,0.327983463,91.93567623,0,0,21.101656,0,0,VAH25
230.0000109,3.5861907,1504.4331,0.342970122,96.11466735,0,0,21.125317,0,0,VAH25
240.0000114,3.5878458,1504.63,0.357963972,100.2937348,0,0,21.196302,0,0,VAH25
250.0000119,3.5896189,1505.2209,0.372965032,104.4727468,0,0,21.480251,0,0,VAH25
260.0000123,3.5913527,1505.2212,0.387973351,108.6517622,0,0,21.330389,0,0,VAH25
270.0000128,3.5930076,1504.2361,0.402988612,112.8307853,0,0,21.511801,0,0,VAH25
280.0000133,3.5946624,1505.2212,0.418010875,117.0098321,0,0,21.219967,0,0,VAH25
290.0000138,3.5963962,1504.0391,0.43304034,121.1888669,0,0,21.330389,0,0,VAH25
300.0000142,3.5981693,1505.0242,0.448077282,125.3679204,0,0,21.196302,0,0,VAH25
310.0000147,3.5997455,1504.2361,0.463120873,129.5469911,0,0,21.283066,0,0,VAH25
320.0000152,3.6016369,1504.8273,0.478172471,133.7260904,0,0,21.283066,0,0,VAH25
330.0000157,3.6032917,1504.0389,0.493231008,137.905196,0,0,21.36194,0,0,VAH25
340.0000161,3.6048286,1505.6152,0.508295979,142.0843049,0,0,21.290953,0,0,VAH25
350.0000166,3.6066017,1504.827,0.523368462,146.263442,0,0,21.519688,0,0,VAH25
360.0000171,3.6084535,1505.0242,0.538448725,150.4425904,0,0,21.66955,0,0,VAH25
370.0000176,3.6101873,1504.4331,0.553536106,154.6217036,0,0,21.496025,0,0,VAH25
380.000018,3.6119211,1505.024,0.568630916,158.8008674,0,0,21.409266,0,0,VAH25
390.0000185,3.6138911,1505.024,0.583733486,162.9799004,0,0,21.606449,0,0,VAH25
400.000019,3.6156249,1503.2507,0.598843464,167.1589783,0,0,21.29884,0,0,VAH25
410.0000195,3.617398,1505.024,0.613960879,171.3380636,0,0,21.582787,0,0,VAH25
420.0000199,3.6192894,1503.645,0.629086108,175.5171239,0,0,21.290953,0,0,VAH25
430.0000204,3.6212201,1505.4181,0.644219418,179.6961878,0,0,21.227854,0,0,VAH25
440.0000209,3.6232297,1503.842,0.659360853,183.8751762,0,0,21.716873,0,0,VAH25
450.0000214,3.6248453,1503.448,0.674509001,188.054154,0,0,21.36194,0,0,VAH25
460.0000218,3.6267366,1505.6152,0.68966458,192.2330014,0,0,21.235741,0,0,VAH25
470.0000223,3.6287463,1505.0242,0.704828848,196.4119288,0,0,21.346165,0,0,VAH25
480.0000228,3.6305587,1503.6449,0.720000821,200.5908926,0,0,21.314615,0,0,VAH25
490.0000233,3.632647,1504.8271,0.735181459,204.7698392,0,0,21.235741,0,0,VAH25
500.0000237,3.6345384,1504.8273,0.750370288,208.9488649,0,0,21.803635,0,0,VAH25
510.0000242,3.6363904,1504.63,0.765566671,213.1278394,0,0,21.338278,0,0,VAH25
520.0000247,3.6384788,1504.2361,0.78077178,217.3068136,0,0,21.251516,0,0,VAH25
530.0000252,3.6404884,1505.024,0.795985176,221.4857572,0,0,21.535463,0,0,VAH25
540.0000256,3.6423798,1504.4331,0.811206822,225.6647961,0,0,21.29884,0,0,VAH25
550.0000261,3.6444287,1504.8271,0.826437074,229.8438465,0,0,21.551237,0,0,VAH25
560.0000266,3.6463594,1504.827,0.84167536,234.0228877,0,0,21.75631,0,0,VAH25
570.0000271,3.6482902,1504.63,0.856921172,238.2017801,0,0,21.346165,0,0,VAH25
580.0000275,3.6501422,1503.842,0.872175291,242.3808281,0,0,21.36194,0,0,VAH25
590.000028,3.6521912,1504.0391,0.887437532,246.559755,0,0,21.377714,0,0,VAH25
600.0000285,3.654043,1504.0389,0.902707722,250.73874,0,0,21.338278,0,0,VAH25
610.000029,3.6557767,1504.63,0.917985153,254.9177235,0,0,21.21208,0,0,VAH25
620.0000294,3.657747,1504.0389,0.933271137,259.0967943,0,0,21.567013,0,0,VAH25
630.0000299,3.659796,1504.63,0.948566113,263.2759826,0,0,21.338278,0,0,VAH25
640.0000304,3.6614902,1505.0242,0.963867814,267.4550736,0,0,21.432926,0,0,VAH25
650.0000309,3.6634209,1504.0391,0.979177359,271.6341032,0,0,21.259403,0,0,VAH25
660.0000313,3.6653912,1504.0388,0.994494997,275.8130948,0,0,21.527576,0,0,VAH25
670.0000318,3.6672432,1503.0538,1.009820391,279.9920904,0,0,21.432926,0,0,VAH25
680.0000323,3.669174,1503.645,1.025154133,284.1711623,0,0,21.456589,0,0,VAH25
690.0000328,3.6711047,1504.6302,1.040496156,288.3502923,0,0,21.701097,0,0,VAH25
700.0000332,3.6729567,1505.8123,1.055845671,292.5293544,0,0,21.369827,0,0,VAH25
710.0000337,3.6748874,1505.0243,1.071203225,296.7084087,0,0,21.5749,0,0,VAH25
720.0000342,3.6767788,1504.433,1.086568714,300.8874715,0,0,21.188416,0,0,VAH25
730.0000347,3.6789064,1503.6449,1.101942885,305.0664772,0,0,21.251516,0,0,VAH25
740.0000351,3.6806796,1505.0242,1.117324304,309.2454389,0,0,21.29884,0,0,VAH25
750.0000356,3.6824923,1504.6302,1.132713673,313.4245025,0,0,21.527576,0,0,VAH25
760.0000361,3.6842258,1503.4479,1.148110038,317.6034983,0,0,21.36194,0,0,VAH25
770.0000366,3.6860385,1505.2211,1.163514066,321.7825183,0,0,21.527576,0,0,VAH25
780.000037,3.6878116,1504.63,1.178925323,325.9614891,0,0,21.36194,0,0,VAH25
790.0000375,3.6895454,1504.4331,1.19434379,330.1404502,0,0,21.432926,0,0,VAH25
800.000038,3.6913972,1504.236,1.209770068,334.3194312,0,0,21.653774,0,0,VAH25
810.0000385,3.6932099,1503.6448,1.225203939,338.4984166,0,0,21.503912,0,0,VAH25
820.0000389,3.6945889,1503.6449,1.240643506,342.6773842,0,0,21.519688,0,0,VAH25
830.0000394,3.6962438,1504.8271,1.256089794,346.856299,0,0,21.275179,0,0,VAH25
840.0000399,3.6978989,1504.6301,1.271543234,351.0352777,0,0,21.26729,0,0,VAH25
850.0000404,3.6995931,1503.645,1.287003643,355.2142262,0,0,21.109543,0,0,VAH25
860.0000408,3.7008934,1503.8419,1.302469214,359.3931011,0,0,21.251516,0,0,VAH25
870.0000413,3.7025089,1504.0389,1.317941531,363.5719748,0,0,21.164755,0,0,VAH25
880.0000418,3.7039669,1503.842,1.333419736,367.7507932,0,0,21.4487,0,0,VAH25
890.0000423,3.7054641,1504.4332,1.34890461,371.929723,0,0,21.29884,0,0,VAH25
900.0000427,3.7067645,1504.8271,1.364394938,376.108658,0,0,21.36194,0,0,VAH25
910.0000432,3.7081437,1504.2358,1.379891038,380.2875953,0,0,21.39349,0,0,VAH25
920.0000437,3.7094834,1503.4479,1.395392528,384.4664763,0,0,21.314615,0,0,VAH25
930.0000442,3.7109017,1505.8121,1.410900059,388.6453881,0,0,21.36194,0,0,VAH25
940.0000446,3.712281,1504.4331,1.426413573,392.8243591,0,0,21.401377,0,0,VAH25
950.0000451,3.7135813,1504.2361,1.441932766,397.0033959,0,0,21.354052,0,0,VAH25
960.0000456,3.7148421,1503.448,1.45745714,401.1824089,0,0,21.54335,0,0,VAH25
970.0000461,3.7160242,1505.4181,1.472985995,405.3612988,0,0,21.764196,0,0,VAH25
980.0000465,3.7172062,1504.433,1.488520006,409.5402466,0,0,21.503912,0,0,VAH25
990.000047,3.7184672,1504.6302,1.504059226,413.7191779,0,0,21.535463,0,0,VAH25
1000.000047,3.7196887,1504.4331,1.519603711,417.8981527,0,0,21.653774,0,0,VAH25
1010.000048,3.7207527,1504.4331,1.535152451,422.0770762,0,0,21.5749,0,0,VAH25
1020.000048,3.7218952,1504.236,1.550705823,426.255961,0,0,21.614336,0,0,VAH25
1030.000049,3.7231169,1504.433,1.566264205,430.4348204,0,0,21.496025,0,0,VAH25
1040.000049,3.7240624,1503.6449,1.58182652,434.6136749,0,0,21.369827,0,0,VAH25
1050.00005,3.7252841,1503.842,1.597394091,438.7925699,0,0,21.511801,0,0,VAH25
1060.00005,3.7263086,1504.8273,1.612966023,442.9714863,0,0,21.559124,0,0,VAH25
1070.000051,3.7274511,1504.433,1.628542638,447.150378,0,0,21.480251,0,0,VAH25
1080.000051,3.7284756,1504.0391,1.644123419,451.3292391,0,0,21.511801,0,0,VAH25
1090.000052,3.729579,1503.448,1.6597093,455.5082312,0,0,21.290953,0,0,VAH25
1100.000052,3.7306821,1503.054,1.675299333,459.6871005,0,0,21.598562,0,0,VAH25
1110.000053,3.7319038,1504.2361,1.690894173,463.8658898,0,0,21.661661,0,0,VAH25
1120.000053,3.7328494,1504.4331,1.706492852,468.0446491,0,0,21.559124,0,0,VAH25
1130.000054,3.7338738,1504.4331,1.722095931,472.2234402,0,0,21.511801,0,0,VAH25
1140.000054,3.7347801,1504.236,1.73770306,476.402302,0,0,21.5749,0,0,VAH25
1150.000055,3.7359228,1503.842,1.75331491,480.581149,0,0,21.496025,0,0,VAH25
1160.000055,3.7370656,1504.0389,1.768931319,484.7599381,0,0,21.401377,0,0,VAH25
1170.000056,3.7379718,1504.2361,1.78455146,488.9387126,0,0,21.630112,0,0,VAH25
1180.000056,3.7391934,1504.4329,1.800176988,493.1175625,0,0,21.827297,0,0,VAH25
1190.000057,3.7400601,1503.842,1.815805509,497.2962442,0,0,21.803635,0,0,VAH25
1200.000057,3.7413211,1503.4479,1.831439469,501.4749713,0,0,21.630112,0,0,VAH25
1210.000057,3.7425032,1504.8271,1.847078647,505.6537729,0,0,21.480251,0,0,VAH25
1220.000058,3.7434883,1504.6301,1.862722165,509.832634,0,0,21.677437,0,0,VAH25
1230.000058,3.7446311,1504.63,1.878370035,514.0113821,0,0,21.567013,0,0,VAH25
1240.000059,3.7457342,1504.0391,1.894022477,518.1901201,0,0,21.409266,0,0,VAH25
1250.000059,3.7469163,1503.6449,1.909679876,522.3688629,0,0,21.480251,0,0,VAH25
1260.00006,3.7479408,1504.433,1.925341416,526.5475682,0,0,21.803635,0,0,VAH25
1270.00006,3.7492018,1503.4479,1.941008242,530.726278,0,0,21.472364,0,0,VAH25
1280.000061,3.7502263,1504.236,1.956679101,534.9049216,0,0,22.063919,0,0,VAH25
1290.000061,3.7515266,1503.842,1.972355698,539.0836463,0,0,21.748423,0,0,VAH25
1300.000062,3.7526298,1503.2509,1.988036985,543.2623924,0,0,21.724762,0,0,VAH25
1310.000062,3.7537332,1505.4182,2.003722911,547.4411459,0,0,21.464476,0,0,VAH25
1320.000063,3.7549939,1504.236,2.019414198,551.6199242,0,0,21.85096,0,0,VAH25
1330.000063,3.7561367,1504.63,2.035110354,555.7987276,0,0,21.898283,0,0,VAH25
1340.000064,3.7572005,1503.251,2.050810917,559.9775205,0,0,21.66955,0,0,VAH25
1350.000064,3.7584221,1503.4479,2.066516719,564.1563491,0,0,21.914059,0,0,VAH25
1360.000065,3.7596829,1504.827,2.082227378,568.3350684,0,0,21.496025,0,0,VAH25
1370.000065,3.7607863,1504.0392,2.097942825,572.5138345,0,0,21.811522,0,0,VAH25
1380.000066,3.7620471,1504.8271,2.113663266,576.6925279,0,0,21.985046,0,0,VAH25
1390.000066,3.7631111,1501.8718,2.129388199,580.8712335,0,0,21.732649,0,0,VAH25
1400.000066,3.7644508,1505.4181,2.145119082,585.0500323,0,0,21.890396,0,0,VAH25
1410.000067,3.765554,1503.8419,2.160854698,589.2288641,0,0,21.890396,0,0,VAH25
1420.000067,3.7668149,1503.2509,2.176595274,593.4076136,0,0,21.929834,0,0,VAH25
1430.000068,3.7681546,1503.2509,2.19234154,597.5863872,0,0,22.016594,0,0,VAH25
1440.000068,3.7692184,1504.2361,2.208092335,601.7651833,0,0,21.645885,0,0,VAH25
1450.000069,3.7705977,1505.2212,2.22384859,605.9438989,0,0,22.00082,0,0,VAH25
1460.000069,3.7718191,1503.0538,2.239609894,610.1225997,0,0,21.945608,0,0,VAH25
1470.00007,3.7730801,1504.4331,2.255376705,614.3013636,0,0,21.898283,0,0,VAH25
1480.00007,3.7743804,1504.433,2.271148832,618.4800965,0,0,22.024481,0,0,VAH25
1490.000071,3.7756019,1505.6152,2.286926366,622.6589093,0,0,21.90617,0,0,VAH25
1500.000071,3.7768233,1503.448,2.302708913,626.8376982,0,0,22.324203,0,0,VAH25
1510.000072,3.7782025,1503.6449,2.318497434,631.0165427,0,0,22.016594,0,0,VAH25
1520.000072,3.7795029,1503.645,2.334291306,635.1953654,0,0,22.008707,0,0,VAH25
1530.000073,3.7809608,1504.63,2.350091551,639.3742621,0,0,21.977158,0,0,VAH25
1540.000073,3.7821033,1504.63,2.365896236,643.5530705,0,0,21.748423,0,0,VAH25
1550.000074,3.7834036,1503.4479,2.381706339,647.7318748,0,0,21.772083,0,0,VAH25
1560.000074,3.7845464,1504.4331,2.397521377,651.9107211,0,0,21.992933,0,0,VAH25
1570.000075,3.7859254,1504.236,2.41334221,656.089576,0,0,22.284765,0,0,VAH25
1580.000075,3.7872653,1505.2212,2.429168214,660.2683179,0,0,22.300543,0,0,VAH25
1590.000076,3.7885654,1504.2361,2.444999686,664.4470691,0,0,22.261105,0,0,VAH25
1600.000076,3.7899053,1503.6449,2.460836478,668.6257464,0,0,22.024481,0,0,VAH25
1610.000076,3.7914419,1504.827,2.476679863,672.8044694,0,0,22.103357,0,0,VAH25
1620.000077,3.7927029,1504.8271,2.492528804,676.9832678,0,0,22.284765,0,0,VAH25
1630.000077,3.7940426,1503.8419,2.508383131,681.1620104,0,0,22.056032,0,0,VAH25
1640.000078,3.7954216,1504.2361,2.524243582,685.3408479,0,0,22.040257,0,0,VAH25
1650.000078,3.7966826,1505.024,2.540109342,689.5196961,0,0,22.158567,0,0,VAH25
1660.000079,3.7981405,1504.2361,2.555981024,693.6984995,0,0,22.324203,0,0,VAH25
1670.000079,3.7995589,1504.4331,2.571858677,697.8773142,0,0,22.221666,0,0,VAH25
1680.00008,3.8007016,1504.236,2.58774143,702.0562146,0,0,22.205893,0,0,VAH25
1690.00008,3.8020413,1504.236,2.60362955,706.2350539,0,0,22.355753,0,0,VAH25
1700.000081,3.8036568,1504.433,2.619524332,710.4138699,0,0,22.087582,0,0,VAH25
1710.000081,3.8049178,1504.63,2.635424506,714.5927181,0,0,22.00082,0,0,VAH25
1720.000082,3.8061788,1503.8419,2.651329896,718.7715523,0,0,22.339977,0,0,VAH25
1730.000082,3.8075972,1504.0389,2.667241116,722.950361,0,0,22.316317,0,0,VAH25
1740.000083,3.8089764,1504.2362,2.683158071,727.1291622,0,0,22.30843,0,0,VAH25
1750.000083,3.8104343,1504.0389,2.699081017,731.3079367,0,0,22.324203,0,0,VAH25
1760.000084,3.8117347,1505.4182,2.715009538,735.4867483,0,0,22.339977,0,0,VAH25
1770.000084,3.8131137,1505.0239,2.730943813,739.6655577,0,0,22.158567,0,0,VAH25
1780.000085,3.8144927,1504.63,2.746884191,743.8444562,0,0,22.395189,0,0,VAH25
1790.000085,3.815872,1503.448,2.762830653,748.0234385,0,0,22.418852,0,0,VAH25
1800.000085,3.8173692,1503.6451,2.778783046,752.2023356,0,0,22.545052,0,0,VAH25
1810.000086,3.8187878,1503.842,2.794741073,756.3811558,0,0,22.387302,0,0,VAH25
1820.000086,3.8201275,1504.0389,2.810704717,760.5599806,0,0,22.30843,0,0,VAH25
1830.000087,3.8215065,1504.4331,2.826674272,764.7388443,0,0,22.434628,0,0,VAH25
1840.000087,3.8228068,1503.4479,2.842649235,768.9177014,0,0,22.387302,0,0,VAH25
1850.000088,3.8241861,1504.0391,2.85862986,773.0965316,0,0,22.33209,0,0,VAH25
1860.000088,3.8257227,1504.8271,2.874616606,777.2752837,0,0,22.292654,0,0,VAH25
1870.000089,3.827023,1504.63,2.890608707,781.454015,0,0,22.592375,0,0,VAH25
1880.000089,3.828481,1504.236,2.90660698,785.6327671,0,0,22.505615,0,0,VAH25
1890.00009,3.8298993,1505.4182,2.922611363,789.8115672,0,0,22.481951,0,0,VAH25
1900.00009,3.8311603,1504.8271,2.93862112,793.9903943,0,0,22.687025,0,0,VAH25
1910.000091,3.8325789,1504.63,2.954637034,798.1692812,0,0,22.466177,0,0,VAH25
1920.000091,3.8338003,1504.63,2.970657949,802.3481414,0,0,22.584488,0,0,VAH25
1930.000092,3.8353765,1505.0242,2.986685248,806.5269485,0,0,22.529276,0,0,VAH25
1940.000092,3.8367162,1503.8419,3.002718418,810.7058269,0,0,22.568714,0,0,VAH25
1950.000093,3.8381348,1504.0391,3.018757245,814.8846345,0,0,22.616037,0,0,VAH25
1960.000093,3.8394744,1504.2358,3.03480185,819.063489,0,0,22.576601,0,0,VAH25
1970.000094,3.840893,1503.448,3.050852573,823.2423929,0,0,22.568714,0,0,VAH25
1980.000094,3.8422327,1504.236,3.066908677,827.4212403,0,0,22.434628,0,0,VAH25
0,3.5257909,1501.2544,0,0,0,0,30.159153,0,0,VAH10
10.00000047,3.5325673,1501.6486,0.014737584,4.171918742,0,0,30.30891,0,0,VAH10
20.00000095,3.5367041,1501.6486,0.029492087,8.343741703,0,0,30.190681,0,0,VAH10
30.00000142,3.5395799,1502.2396,0.044258893,12.51565103,0,0,30.450787,0,0,VAH10
40.0000019,3.5417862,1502.2396,0.059034954,16.68757437,0,0,30.647837,0,0,VAH10
50.00000237,3.5435984,1502.4366,0.073818734,20.85954269,0,0,30.584782,0,0,VAH10
60.00000285,3.5452137,1501.6484,0.08860927,25.03151585,0,0,30.734541,0,0,VAH10
70.00000332,3.5467107,1502.2396,0.103405975,29.20346709,0,0,30.81336,0,0,VAH10
80.0000038,3.5482473,1502.0427,0.118208921,33.37537083,0,0,30.994646,0,0,VAH10
90.00000427,3.5496657,1501.8456,0.133017734,37.54726045,0,0,31.034058,0,0,VAH10
100.0000047,3.5512416,1502.8307,0.147833338,41.71921073,0,0,31.018291,0,0,VAH10
110.0000052,3.5526597,1501.4513,0.162654746,45.89112947,0,0,31.175934,0,0,VAH10
120.0000057,3.5542357,1501.8456,0.177482665,50.06303048,0,0,31.254755,0,0,VAH10
130.0000062,3.5556934,1502.2396,0.192316769,54.2349605,0,0,31.302046,0,0,VAH10
140.0000066,3.5571511,1501.6486,0.207157036,58.4069135,0,0,31.254755,0,0,VAH10
150.0000071,3.5587664,1502.4366,0.222003634,62.57875168,0,0,31.554272,0,0,VAH10
160.0000076,3.5601847,1501.4515,0.236856391,66.75065816,0,0,31.215345,0,0,VAH10
170.0000081,3.5616031,1501.6487,0.251714759,70.92247849,0,0,31.499096,0,0,VAH10
180.0000085,3.563297,1502.2396,0.266580313,75.09433199,0,0,31.483334,0,0,VAH10
190.000009,3.5647941,1501.8456,0.281451959,79.26614269,0,0,31.262636,0,0,VAH10
200.0000095,3.5663307,1502.2396,0.296329935,83.43793095,0,0,31.451805,0,0,VAH10
210.00001,3.5678673,1501.6486,0.311214411,87.60974418,0,0,31.514862,0,0,VAH10
220.0000104,3.569443,1502.2396,0.326105613,91.7816001,0,0,31.538506,0,0,VAH10
230.0000109,3.5709796,1501.6484,0.341003225,95.95345591,0,0,31.554272,0,0,VAH10
240.0000114,3.5725555,1502.0426,0.355907568,100.1253555,0,0,31.491217,0,0,VAH10
250.0000119,3.5741313,1502.0426,0.370818162,104.2971649,0,0,31.617327,0,0,VAH10
260.0000123,3.5756285,1501.4513,0.385735155,108.4690168,0,0,31.688267,0,0,VAH10
270.0000128,3.5772042,1501.8457,0.40065838,112.6407734,0,0,31.774967,0,0,VAH10
280.0000133,3.5785832,1502.2396,0.4155875,116.8125697,0,0,31.530626,0,0,VAH10
290.0000138,3.5800803,1502.2397,0.430523153,120.9844461,0,0,31.664621,0,0,VAH10
300.0000142,3.5818532,1502.4366,0.445465891,125.1562359,0,0,31.759205,0,0,VAH10
310.0000147,3.5833108,1502.2396,0.460414677,129.3280162,0,0,31.790733,0,0,VAH10
320.0000152,3.5847685,1502.2396,0.475369535,133.4997942,0,0,31.601563,0,0,VAH10
330.0000157,3.5863445,1501.6486,0.490331165,137.6716269,0,0,31.640972,0,0,VAH10
340.0000161,3.5879204,1501.0573,0.505299764,141.84357,0,0,31.814377,0,0,VAH10
350.0000166,3.5894568,1500.6632,0.52027466,146.0154813,0,0,31.672501,0,0,VAH10
360.0000171,3.5909934,1501.8456,0.535255621,150.1872966,0,0,31.877434,0,0,VAH10
370.0000176,3.5925691,1502.0426,0.550243474,154.3592006,0,0,31.767088,0,0,VAH10
380.000018,3.5941844,1502.2396,0.565237772,158.5310226,0,0,31.767088,0,0,VAH10
390.0000185,3.5956817,1502.8308,0.58023875,162.7029654,0,0,31.861671,0,0,VAH10
400.000019,3.597297,1502.634,0.595246605,166.8749466,0,0,31.633093,0,0,VAH10
410.0000195,3.5988333,1502.8308,0.610260752,171.0468949,0,0,31.688267,0,0,VAH10
420.0000199,3.6003699,1502.6338,0.625281182,175.2188078,0,0,31.711912,0,0,VAH10
430.0000204,3.6019852,1501.4513,0.640308502,179.3907628,0,0,31.814377,0,0,VAH10
440.0000209,3.6036398,1502.2396,0.655342301,183.5625999,0,0,31.790733,0,0,VAH10
450.0000214,3.6052945,1501.8456,0.670383233,187.7345012,0,0,31.861671,0,0,VAH10
460.0000218,3.6069887,1503.0278,0.685431305,191.9064222,0,0,31.893198,0,0,VAH10
470.0000223,3.608722,1502.0426,0.700486529,196.0783214,0,0,31.90896,0,0,VAH10
480.0000228,3.6104555,1502.2396,0.715549165,200.2502703,0,0,31.743439,0,0,VAH10
490.0000233,3.6122284,1502.6337,0.730619309,204.4222501,0,0,31.806496,0,0,VAH10
500.0000237,3.6140406,1501.6484,0.745696635,208.5941251,0,0,31.877434,0,0,VAH10
510.0000242,3.6157742,1501.0575,0.760781134,212.765984,0,0,31.727676,0,0,VAH10
520.0000247,3.617626,1502.0426,0.775873397,216.9378534,0,0,31.877434,0,0,VAH10
530.0000252,3.6193988,1502.2396,0.79097308,221.1097293,0,0,31.9799,0,0,VAH10
540.0000256,3.621408,1502.4366,0.806081414,225.2816795,0,0,31.814377,0,0,VAH10
550.0000261,3.6232991,1502.0426,0.82119735,229.4535504,0,0,31.877434,0,0,VAH10
560.0000266,3.6252296,1502.0426,0.836321204,233.6253839,0,0,31.767088,0,0,VAH10
570.0000271,3.6270812,1502.8308,0.851452914,237.7972536,0,0,31.877434,0,0,VAH10
580.0000275,3.629051,1501.8456,0.866592952,241.9691536,0,0,31.814377,0,0,VAH10
590.000028,3.6310604,1501.2543,0.88174112,246.1409841,0,0,31.774967,0,0,VAH10
600.0000285,3.6330695,1502.0426,0.896897454,250.3127549,0,0,31.940493,0,0,VAH10
610.000029,3.6350393,1501.4515,0.91206221,254.4845821,0,0,31.759205,0,0,VAH10
620.0000294,3.6369305,1501.2545,0.927234864,258.6564117,0,0,31.972019,0,0,VAH10
630.0000299,3.6389399,1500.6633,0.942416622,262.8284394,0,0,31.877434,0,0,VAH10
640.0000304,3.6409097,1501.6486,0.957606246,267.0003705,0,0,31.798615,0,0,VAH10
650.0000309,3.6428008,1501.8456,0.972804012,271.1723707,0,0,31.743439,0,0,VAH10
660.0000313,3.6446524,1501.6484,0.98800939,275.3443402,0,0,31.987782,0,0,VAH10
670.0000318,3.6465828,1502.0427,1.003222681,279.5162709,0,0,31.830143,0,0,VAH10
680.0000323,3.6484344,1502.4366,1.018443739,283.6882132,0,0,32.027191,0,0,VAH10
690.0000328,3.6502862,1502.2396,1.033672731,287.8602128,0,0,31.9799,0,0,VAH10
700.0000332,3.6521773,1501.8456,1.048909233,292.032108,0,0,32.003548,0,0,VAH10
710.0000337,3.6541078,1501.8456,1.064154135,296.2040984,0,0,32.066601,0,0,VAH10
720.0000342,3.6559987,1500.8605,1.07940677,300.3760461,0,0,32.05872,0,0,VAH10
730.0000347,3.6578898,1502.4366,1.094666815,304.5478623,0,0,31.964138,0,0,VAH10
740.0000351,3.659781,1503.0278,1.109934976,308.7197408,0,0,31.940493,0,0,VAH10
750.0000356,3.6617901,1502.6338,1.12521133,312.8915675,0,0,31.9799,0,0,VAH10
760.0000361,3.6637599,1502.8308,1.140496186,317.0634719,0,0,31.901081,0,0,VAH10
770.0000366,3.6658087,1502.0427,1.155789475,321.2353449,0,0,31.806496,0,0,VAH10
780.000037,3.6676209,1501.8456,1.171090108,325.4071592,0,0,31.806496,0,0,VAH10
790.0000375,3.6696696,1501.6487,1.186399354,329.5789916,0,0,32.042957,0,0,VAH10
800.000038,3.6715608,1502.4366,1.201716681,333.7508757,0,0,31.885317,0,0,VAH10
810.0000385,3.6734123,1501.8455,1.217041552,337.9227111,0,0,31.82226,0,0,VAH10
820.0000389,3.6754611,1501.8456,1.232375012,342.0945576,0,0,32.106014,0,0,VAH10
830.0000394,3.6773915,1501.8456,1.247716676,346.2664454,0,0,31.885317,0,0,VAH10
840.0000399,3.6791248,1502.8308,1.263065317,350.4382637,0,0,31.877434,0,0,VAH10
850.0000404,3.6809766,1501.8455,1.278421584,354.6100553,0,0,31.838026,0,0,VAH10
860.0000408,3.6827495,1502.0426,1.293785277,358.7818548,0,0,31.861671,0,0,VAH10
870.0000413,3.6844041,1502.6337,1.309156057,362.9537046,0,0,31.956255,0,0,VAH10
880.0000418,3.6860983,1502.8307,1.324534289,367.1256583,0,0,32.035076,0,0,VAH10
890.0000423,3.687674,1501.2544,1.339919079,371.2976079,0,0,31.893198,0,0,VAH10
900.0000427,3.6892893,1502.8311,1.355310697,375.4695815,0,0,31.838026,0,0,VAH10
910.0000432,3.6908653,1502.2396,1.370708621,379.6414823,0,0,31.916843,0,0,VAH10
920.0000437,3.6924019,1501.8456,1.386112784,383.8133367,0,0,31.924726,0,0,VAH10
930.0000442,3.6939776,1502.0426,1.401523876,387.9852875,0,0,31.877434,0,0,VAH10
940.0000446,3.6954353,1502.0427,1.416940939,392.1572082,0,0,31.948372,0,0,VAH10
950.0000451,3.696893,1502.0426,1.432363664,396.3290155,0,0,31.987782,0,0,VAH10
960.0000456,3.6985083,1501.4515,1.447793515,400.5009273,0,0,31.838026,0,0,VAH10
970.0000461,3.6999266,1502.2396,1.463229084,404.6727856,0,0,32.074486,0,0,VAH10
980.0000465,3.7013056,1502.0426,1.478670293,408.844613,0,0,32.05872,0,0,VAH10
990.000047,3.7026451,1501.8456,1.494117078,413.0164375,0,0,31.90896,0,0,VAH10
1000.000047,3.7040241,1501.0573,1.509569911,417.1883416,0,0,31.767088,0,0,VAH10
1010.000048,3.7053635,1502.8309,1.525028481,421.3602859,0,0,31.964138,0,0,VAH10
1020.000048,3.7065847,1501.6483,1.540491732,425.5321186,0,0,31.893198,0,0,VAH10
1030.000049,3.7078061,1501.0573,1.555960404,429.704039,0,0,32.011425,0,0,VAH10
1040.000049,3.7090669,1501.6486,1.571434412,433.8759799,0,0,31.93261,0,0,VAH10
1050.00005,3.7102094,1501.2544,1.586913161,438.0479139,0,0,31.948372,0,0,VAH10
1060.00005,3.7114305,1502.0426,1.602396979,442.2198412,0,0,32.042957,0,0,VAH10
1070.000051,3.7123761,1501.6486,1.617884465,446.3916937,0,0,31.78285,0,0,VAH10
1080.000051,3.7136369,1501.2544,1.633377427,450.5636045,0,0,31.948372,0,0,VAH10
1090.000052,3.7147007,1501.4515,1.648874441,454.7354114,0,0,31.972019,0,0,VAH10
1100.000052,3.7158039,1502.0424,1.664376019,458.907208,0,0,32.003548,0,0,VAH10
1110.000053,3.7169464,1501.6483,1.679883037,463.079186,0,0,31.924726,0,0,VAH10
1120.000053,3.7178917,1501.8456,1.695393527,467.251037,0,0,32.042957,0,0,VAH10
1130.000054,3.7189555,1501.8456,1.710908436,471.4228828,0,0,32.145424,0,0,VAH10
1140.000054,3.7201374,1502.2397,1.726428381,475.594757,0,0,32.042957,0,0,VAH10
1150.000055,3.7210436,1503.225,1.741951983,479.7665979,0,0,32.153305,0,0,VAH10
1160.000055,3.7221467,1502.6338,1.75748046,483.9385122,0,0,32.01931,0,0,VAH10
1170.000056,3.7233286,1502.4366,1.773013688,488.110378,0,0,32.106014,0,0,VAH10
1180.000056,3.7243135,1502.0426,1.788550923,492.2822168,0,0,31.972019,0,0,VAH10
1190.000057,3.7254167,1501.4515,1.804093074,496.4541396,0,0,32.161186,0,0,VAH10
1200.000057,3.7265592,1501.8456,1.819639628,500.6259649,0,0,32.050838,0,0,VAH10
1210.000057,3.7275441,1501.0575,1.835190579,504.7978676,0,0,32.18483,0,0,VAH10
1220.000058,3.7286472,1502.8309,1.850746177,508.9697824,0,0,31.916843,0,0,VAH10
1230.000058,3.7297504,1501.2544,1.866306243,513.1416609,0,0,32.310944,0,0,VAH10
1240.000059,3.7308536,1501.4515,1.881870868,517.3135279,0,0,32.035076,0,0,VAH10
1250.000059,3.7319567,1501.2545,1.897440549,521.4855166,0,0,31.987782,0,0,VAH10
1260.00006,3.7330203,1502.0426,1.913014166,525.657371,0,0,32.121777,0,0,VAH10
1270.00006,3.7340841,1502.4368,1.928592116,529.8291971,0,0,32.176952,0,0,VAH10
1280.000061,3.735266,1502.2395,1.944175071,534.0010434,0,0,32.232124,0,0,VAH10
1290.000061,3.7363298,1502.4366,1.959762503,538.1728999,0,0,32.24789,0,0,VAH10
1300.000062,3.7374723,1500.4662,1.975354765,542.3447735,0,0,32.090248,0,0,VAH10
1310.000062,3.7386541,1502.8308,1.990952106,546.5166868,0,0,32.18483,0,0,VAH10
1320.000063,3.7397966,1501.6483,2.00655416,550.688586,0,0,32.255772,0,0,VAH10
1330.000063,3.7409785,1501.8456,2.02216085,554.8604063,0,0,32.32671,0,0,VAH10
1340.000064,3.7421606,1502.4369,2.037773074,559.0323875,0,0,32.176952,0,0,VAH10
1350.000064,3.7433424,1501.8456,2.053390421,563.2044203,0,0,32.310944,0,0,VAH10
1360.000065,3.7444062,1502.0427,2.06901204,567.3764085,0,0,32.216358,0,0,VAH10
1370.000065,3.7457063,1502.0426,2.084638794,571.5483197,0,0,32.137543,0,0,VAH10
1380.000066,3.7468488,1501.6484,2.100270295,575.7202256,0,0,32.232124,0,0,VAH10
1390.000066,3.7480307,1502.6337,2.115906828,579.8921587,0,0,32.32671,0,0,VAH10
1400.000066,3.7492125,1501.4515,2.131548411,584.0641236,0,0,32.153305,0,0,VAH10
1410.000067,3.7503946,1502.6338,2.147194671,588.2360208,0,0,32.240009,0,0,VAH10
1420.000067,3.7516947,1502.8309,2.162846551,592.4079699,0,0,32.318825,0,0,VAH10
1430.000068,3.7529159,1502.4368,2.178503831,596.5800006,0,0,32.421291,0,0,VAH10
1440.000068,3.7540584,1501.2544,2.194166023,600.75207,0,0,32.216358,0,0,VAH10
1450.000069,3.7553585,1502.6337,2.209833343,604.9240605,0,0,32.381882,0,0,VAH10
1460.000069,3.7566981,1500.8604,2.225506244,609.0960491,0,0,32.507992,0,0,VAH10
1470.00007,3.7579589,1501.6486,2.241184401,613.2680364,0,0,32.507992,0,0,VAH10
1480.00007,3.7591407,1502.0427,2.25686771,617.4400825,0,0,32.641987,0,0,VAH10
1490.000071,3.7603226,1501.8456,2.272555654,621.6120502,0,0,32.507992,0,0,VAH10
1500.000071,3.7616622,1501.2544,2.288248907,625.7839433,0,0,32.468582,0,0,VAH10
1510.000072,3.7628441,1502.2396,2.303947229,629.9558734,0,0,32.444939,0,0,VAH10
1520.000072,3.7642229,1501.2544,2.31965143,634.1278369,0,0,32.437054,0,0,VAH10
1530.000073,3.7654443,1502.4366,2.335360591,638.2997647,0,0,32.437054,0,0,VAH10
1540.000073,3.7668231,1501.2545,2.351075762,642.4717607,0,0,32.547405,0,0,VAH10
1550.000074,3.7680445,1502.0426,2.366796236,646.6438118,0,0,32.350353,0,0,VAH10
1560.000074,3.7693446,1500.8604,2.382521918,650.8158055,0,0,32.649868,0,0,VAH10
1570.000075,3.7706447,1502.0426,2.398252926,654.9877734,0,0,32.492229,0,0,VAH10
1580.000075,3.7719841,1501.8456,2.413989329,659.1596898,0,0,32.618343,0,0,VAH10
1590.000076,3.7732842,1502.0426,2.429731599,663.3317238,0,0,32.665634,0,0,VAH10
1600.000076,3.7747025,1501.4513,2.445479628,667.5037158,0,0,32.657753,0,0,VAH10
1610.000076,3.7760422,1503.4219,2.461233553,671.6757892,0,0,32.728691,0,0,VAH10
1620.000077,3.7772634,1502.2396,2.476992512,675.8478464,0,0,32.618343,0,0,VAH10
1630.000077,3.7786818,1501.8456,2.492756886,680.0197706,0,0,32.586815,0,0,VAH10
1640.000078,3.7800212,1502.2396,2.508526838,684.1916922,0,0,32.657753,0,0,VAH10
1650.000078,3.7813609,1502.8308,2.52430216,688.3635559,0,0,32.594696,0,0,VAH10
1660.000079,3.7826214,1501.4515,2.540083278,692.5355616,0,0,32.641987,0,0,VAH10
1670.000079,3.7840004,1502.8308,2.555869671,696.707441,0,0,32.768101,0,0,VAH10
1680.00008,3.7854581,1501.8456,2.571662586,700.8794366,0,0,32.626225,0,0,VAH10
1690.00008,3.7867975,1501.6487,2.587460687,705.0513263,0,0,32.57893,0,0,VAH10
1700.000081,3.7881765,1501.8455,2.603264992,709.2233348,0,0,32.965153,0,0,VAH10
1710.000081,3.7894766,1502.6337,2.619074159,713.395195,0,0,32.768101,0,0,VAH10
1720.000082,3.7908554,1502.6338,2.634889348,717.5671266,0,0,32.728691,0,0,VAH10
1730.000082,3.7921951,1501.8456,2.650710299,721.7391037,0,0,32.736572,0,0,VAH10
1740.000083,3.7935739,1502.0425,2.666536889,725.9110509,0,0,32.705048,0,0,VAH10
1750.000083,3.794874,1502.0426,2.682369166,730.0830675,0,0,32.641987,0,0,VAH10
1760.000084,3.7962923,1502.8308,2.69820734,734.2550787,0,0,32.571049,0,0,VAH10
1770.000084,3.7977107,1502.2396,2.714051369,738.4270734,0,0,32.697163,0,0,VAH10
1780.000085,3.7990894,1501.4513,2.729900848,742.5989885,0,0,32.839039,0,0,VAH10
1790.000085,3.8004291,1501.6484,2.745755818,746.7708782,0,0,32.791748,0,0,VAH10
1800.000085,3.8019261,1502.4368,2.761617127,750.9427922,0,0,32.689281,0,0,VAH10
1810.000086,3.803108,1502.0426,2.777483353,755.1147026,0,0,32.88633,0,0,VAH10
1820.000086,3.8046839,1501.0573,2.793356107,759.2866008,0,0,32.996681,0,0,VAH10
1830.000087,3.8060627,1501.2543,2.809234547,763.4584817,0,0,32.870567,0,0,VAH10
1840.000087,3.8074417,1501.6486,2.825118929,767.6304121,0,0,32.88633,0,0,VAH10
1850.000088,3.8088207,1503.4219,2.841009188,771.8023751,0,0,32.965153,0,0,VAH10
1860.000088,3.8101602,1502.2396,2.856905063,775.9743454,0,0,32.973034,0,0,VAH10
1870.000089,3.8114603,1501.4515,2.872806025,780.1462272,0,0,32.902096,0,0,VAH10
1880.000089,3.8128786,1501.0573,2.888713375,784.3182325,0,0,32.894215,0,0,VAH10
1890.00009,3.8141391,1502.6337,2.90462595,788.490229,0,0,32.799629,0,0,VAH10
1900.00009,3.8157544,1502.2396,2.920544852,792.6621175,0,0,33.083382,0,0,VAH10
1910.000091,3.8170152,1501.2545,2.936468812,796.8339531,0,0,33.043972,0,0,VAH10
1920.000091,3.8184729,1502.6339,2.95239917,801.0058719,0,0,32.965153,0,0,VAH10
1930.000092,3.8198125,1502.8308,2.968334992,805.1777578,0,0,32.917858,0,0,VAH10
1940.000092,3.8212306,1501.4517,2.984276947,809.3497004,0,0,33.012444,0,0,VAH10
1950.000093,3.8226097,1502.2396,3.000224679,813.5216492,0,0,32.902096,0,0,VAH10
1960.000093,3.8237915,1501.2544,3.016176999,817.6935085,0,0,32.902096,0,0,VAH10
1970.000094,3.8253675,1501.6484,3.032136311,821.8654768,0,0,33.004562,0,0,VAH10
1980.000094,3.8267465,1501.2544,3.048101209,826.0374016,0,0,33.146439,0,0,VAH10
1990.000095,3.828007,1501.4515,3.064071292,830.2093068,0,0,33.15432,0,0,VAH10
2000.000095,3.8294253,1501.4513,3.080047498,834.3812661,0,0,33.020325,0,0,VAH10
2010.000095,3.8308043,1503.0277,3.096029579,838.553257,0,0,33.091263,0,0,VAH10
2020.000096,3.8321831,1502.2396,3.11201735,842.7252316,0,0,33.209496,0,0,VAH10
2030.000096,3.8335228,1502.8307,3.128010844,846.8972413,0,0,33.130672,0,0,VAH10
0,3.5294127,1488.3409,0,0,0,0,34.04847,0,0,VAH30
30.00000142,3.5361075,1489.1287,0.043876475,12.40812798,0,0,34.325005,0,0,VAH30
60.00000285,3.5406363,1488.7347,0.087808816,24.81616339,0,0,34.885979,0,0,VAH30
90.00000427,3.5447712,1489.5226,0.131792904,37.22432354,0,0,34.996593,0,0,VAH30
120.0000057,3.5489848,1488.3408,0.175829339,49.63250152,0,0,35.162514,0,0,VAH30
150.0000071,3.5532379,1490.3103,0.219919416,62.04092393,0,0,35.399548,0,0,VAH30
180.0000085,3.5575697,1489.9164,0.264062734,74.4492029,0,0,35.383747,0,0,VAH30
210.00001,3.5620196,1488.7347,0.308261801,86.85763199,0,0,35.367943,0,0,VAH30
240.0000114,3.5662727,1489.1287,0.352512883,99.26584794,0,0,35.375847,0,0,VAH30
270.0000128,3.5705652,1489.1287,0.39681812,111.6743138,0,0,35.502262,0,0,VAH30
300.0000142,3.5749364,1489.1287,0.441177288,124.0826934,0,0,35.478561,0,0,VAH30
330.0000157,3.5793862,1488.5378,0.485592447,136.4912898,0,0,35.549667,0,0,VAH30
360.0000171,3.5838363,1488.1439,0.530062634,148.8998327,0,0,35.581272,0,0,VAH30
390.0000185,3.5885224,1489.9164,0.574591411,161.3084991,0,0,35.628677,0,0,VAH30
420.0000199,3.5933268,1490.9011,0.619179077,173.716963,0,0,35.668182,0,0,VAH30
450.0000214,3.5983677,1487.947,0.663830062,186.1256405,0,0,35.723492,0,0,VAH30
480.0000228,3.603802,1489.1287,0.708548444,198.5343085,0,0,35.628677,0,0,VAH30
510.0000242,3.6093154,1489.9164,0.753335636,210.9430862,0,0,35.510162,0,0,VAH30
540.0000256,3.6151042,1488.5378,0.798195178,223.352007,0,0,35.683987,0,0,VAH30
570.0000271,3.6213262,1490.3103,0.843132084,235.760971,0,0,35.699787,0,0,VAH30
600.0000285,3.6272726,1489.9165,0.888142806,248.1699422,0,0,35.620777,0,0,VAH30
630.0000299,3.6331403,1488.9318,0.933226331,260.5789112,0,0,35.794601,0,0,VAH30
660.0000313,3.6390474,1490.1134,0.978381871,272.9875268,0,0,35.755096,0,0,VAH30
690.0000328,3.6447575,1489.1287,1.023607823,285.3960209,0,0,35.652382,0,0,VAH30
720.0000342,3.650507,1489.5226,1.068904623,297.8043795,0,0,35.557568,0,0,VAH30
750.0000356,3.6561778,1489.3256,1.114272472,310.2129252,0,0,35.565472,0,0,VAH30
780.000037,3.6619666,1487.1592,1.159712437,322.621549,0,0,35.707691,0,0,VAH30
810.0000385,3.6678343,1487.9469,1.205223231,335.0296325,0,0,35.518063,0,0,VAH30
840.0000399,3.6735051,1489.3256,1.250804906,347.4378568,0,0,35.794601,0,0,VAH30
870.0000413,3.6788607,1490.5073,1.296453066,359.8460896,0,0,35.683987,0,0,VAH30
900.0000427,3.6836257,1490.1134,1.34216013,372.2542623,0,0,35.510162,0,0,VAH30
930.0000442,3.6881938,1489.7195,1.387922637,384.6620993,0,0,35.731392,0,0,VAH30
960.0000456,3.6925256,1488.5378,1.433739131,397.0700007,0,0,35.676083,0,0,VAH30
990.000047,3.6967001,1488.1439,1.479607027,409.4777955,0,0,35.668182,0,0,VAH30
1020.000048,3.7004805,1488.9318,1.525522003,421.8856371,0,0,35.668182,0,0,VAH30
1050.00005,3.7039459,1488.9318,1.571478389,434.2930503,0,0,35.747196,0,0,VAH30
1080.000051,3.7074113,1489.5226,1.617478405,446.7006339,0,0,35.889416,0,0,VAH30
1110.000053,3.7106407,1489.7195,1.663518535,459.1082298,0,0,35.762997,0,0,VAH30
1140.000054,3.7137122,1488.1439,1.70959608,471.5156385,0,0,35.786701,0,0,VAH30
1170.000056,3.7169807,1489.3256,1.755716155,483.923579,0,0,35.905216,0,0,VAH30
1200.000057,3.7200918,1488.3409,1.801875145,496.3316033,0,0,35.834106,0,0,VAH30
1230.000058,3.7232423,1488.5378,1.848073157,508.739609,0,0,35.889416,0,0,VAH30
1260.00006,3.7265501,1489.5226,1.894312266,521.1476293,0,0,35.897316,0,0,VAH30
1290.000061,3.7297792,1489.1287,1.940590584,533.5554194,0,0,35.936817,0,0,VAH30
1320.000063,3.7332053,1488.5378,1.986910977,545.963093,0,0,36.110645,0,0,VAH30
1350.000064,3.7365921,1488.5378,2.033272753,558.3705957,0,0,36.039532,0,0,VAH30
1380.000066,3.7399788,1487.75,2.079676184,570.7780007,0,0,36.268665,0,0,VAH30
1410.000067,3.7434442,1487.7501,2.126123048,583.1855221,0,0,36.031631,0,0,VAH30
1440.000068,3.7471066,1488.1439,2.172616263,595.5932864,0,0,36.481991,0,0,VAH30
1470.00007,3.7506509,1488.9318,2.219153327,608.0010165,0,0,36.189651,0,0,VAH30
1500.000071,3.7542739,1488.9318,2.265734366,620.4084859,0,0,36.268665,0,0,VAH30
1530.000073,3.7579756,1488.9318,2.31236333,632.8164869,0,0,36.316071,0,0,VAH30
1560.000074,3.7617166,1489.3256,2.35903713,645.2240667,0,0,36.640015,0,0,VAH30
1590.000076,3.7656941,1488.7347,2.405761074,657.6318573,0,0,36.5294,0,0,VAH30
1620.000077,3.7695141,1488.7347,2.452532423,670.0396499,0,0,36.489895,0,0,VAH30
1650.000078,3.7732944,1489.3256,2.49934998,682.4472575,0,0,36.418785,0,0,VAH30
1680.00008,3.7773507,1488.7347,2.546217346,694.8547278,0,0,36.505695,0,0,VAH30
1710.000081,3.7812099,1489.7195,2.593131711,707.261964,0,0,36.450386,0,0,VAH30
1740.000083,3.7852662,1487.7501,2.640096318,719.6691781,0,0,36.84544,0,0,VAH30
1770.000084,3.7893617,1489.3256,2.687112199,732.0765133,0,0,36.600506,0,0,VAH30
1800.000085,3.7933784,1489.7195,2.734177953,744.4838581,0,0,36.671619,0,0,VAH30
1830.000087,3.7974346,1489.1287,2.781292836,756.8908877,0,0,36.85334,0,0,VAH30
1860.000088,3.8015301,1487.9469,2.828458635,769.2979442,0,0,36.60841,0,0,VAH30
1890.00009,3.8055863,1488.1439,2.875675116,781.7050943,0,0,36.813835,0,0,VAH30
1920.000091,3.8096423,1489.5226,2.922941411,794.1121108,0,0,36.719025,0,0,VAH30
1950.000093,3.8137379,1489.3257,2.970258043,806.5190023,0,0,36.83754,0,0,VAH30
1980.000094,3.8177941,1490.1134,3.017625346,818.9259844,0,0,36.813835,0,0,VAH30
2010.000095,3.8219683,1488.9318,3.065045168,831.3331574,0,0,37.019264,0,0,VAH30
2040.000097,3.8260245,1490.3103,3.112515667,843.7404223,0,0,36.971859,0,0,VAH30
2070.000098,3.8301201,1489.1287,3.160036332,856.1475176,0,0,36.963955,0,0,VAH30
2100.0001,3.834058,1489.3257,3.207606174,868.5546958,0,0,37.090374,0,0,VAH30
2130.000101,3.8380749,1488.3408,3.255226696,880.9620935,0,0,37.011364,0,0,VAH30
2160.000103,3.8420918,1488.9316,3.302897954,893.3697246,0,0,37.058769,0,0,VAH30
2190.000104,3.8460298,1490.1134,3.350617278,905.7771493,0,0,37.185188,0,0,VAH30
2220.000105,3.8500071,1490.1134,3.39838567,918.184501,0,0,37.106174,0,0,VAH30
2250.000107,3.8539453,1488.3409,3.446203892,930.5921038,0,0,37.279999,0,0,VAH30
2280.000108,3.857765,1488.7347,3.494070207,942.999888,0,0,37.129879,0,0,VAH30
2310.00011,3.8617425,1489.1287,3.54198692,955.4079429,0,0,37.264194,0,0,VAH30
2340.000111,3.8654048,1489.7195,3.589947709,967.8156443,0,0,37.374809,0,0,VAH30
2370.000113,3.8692248,1488.7347,3.637956109,980.2234011,0,0,37.438023,0,0,VAH30
2400.000114,3.8730838,1490.1134,3.686010488,992.6306665,0,0,37.493328,0,0,VAH30
2430.000115,3.8768251,1489.1287,3.734112239,1005.038178,0,0,37.627644,0,0,VAH30
2460.000117,3.8804874,1489.3256,3.782258464,1017.44544,0,0,37.690853,0,0,VAH30
2490.000118,3.8841498,1489.7195,3.830450139,1029.852705,0,0,37.438023,0,0,VAH30
2520.00012,3.8877335,1488.3409,3.878685627,1042.259802,0,0,37.588139,0,0,VAH30
2550.000121,3.8915138,1488.9318,3.926968086,1054.666917,0,0,37.351109,0,0,VAH30
2580.000123,3.8950582,1489.3256,3.9752948,1067.074104,0,0,37.406414,0,0,VAH30
2610.000124,3.8984053,1488.7347,4.023662434,1079.481135,0,0,37.572338,0,0,VAH30
2640.000125,3.9021072,1489.9164,4.072075645,1091.888075,0,0,37.430119,0,0,VAH30
2670.000127,3.9054151,1488.3409,4.120529189,1104.294834,0,0,37.359009,0,0,VAH30
2700.000128,3.9087231,1489.3257,4.169023692,1116.701572,0,0,37.501228,0,0,VAH30
2730.00013,3.9121099,1488.9316,4.217560122,1129.108286,0,0,37.335308,0,0,VAH30
2760.000131,3.915457,1489.5226,4.266141524,1141.51588,0,0,37.438023,0,0,VAH30
2790.000133,3.9186862,1489.5226,4.314762849,1153.923438,0,0,37.667149,0,0,VAH30
2820.000134,3.9219153,1488.5378,4.363425027,1166.331197,0,0,37.572338,0,0,VAH30
2850.000135,3.9251051,1489.7195,4.412126858,1178.738974,0,0,37.445923,0,0,VAH30
2880.000137,3.9281769,1489.3256,4.460866452,1191.146663,0,0,37.596043,0,0,VAH30
2910.000138,3.9313273,1489.1287,4.509645993,1203.554569,0,0,37.627644,0,0,VAH30
2940.00014,3.9344382,1488.5378,4.558463118,1215.962217,0,0,37.509129,0,0,VAH30
2970.000141,3.9376676,1488.7347,4.607319526,1228.369665,0,0,37.469624,0,0,VAH30
3000.000142,3.9406998,1489.5226,4.656205611,1240.775098,0,0,37.596043,0,0,VAH30
3030.000144,3.9438503,1489.1287,4.705121755,1253.178242,0,0,37.548637,0,0,VAH30
3060.000145,3.9468431,1488.7347,4.7540752,1265.581432,0,0,37.706657,0,0,VAH30
3090.000147,3.9500329,1488.3409,4.803079821,1277.987561,0,0,37.556538,0,0,VAH30
3120.000148,3.9530258,1488.5378,4.852122615,1290.393955,0,0,37.422218,0,0,VAH30
3150.00015,3.9562156,1488.7347,4.901205741,1302.80054,0,0,37.422218,0,0,VAH30
3180.000151,3.9593661,1488.7347,4.950327006,1315.206886,0,0,37.572338,0,0,VAH30
3210.000152,3.9625559,1488.7347,4.999487782,1327.613216,0,0,37.651348,0,0,VAH30
3240.000154,3.9656668,1487.947,5.048687477,1340.019628,0,0,37.548637,0,0,VAH30
3270.000155,3.9687779,1488.3408,5.097924455,1352.425708,0,0,37.430119,0,0,VAH30
3300.000157,3.9720857,1488.3409,5.14720285,1364.831885,0,0,37.580238,0,0,VAH30
3330.000158,3.9754331,1487.947,5.196523481,1377.238239,0,0,37.430119,0,0,VAH30
3360.00016,3.9788198,1488.3409,5.245885932,1389.644543,0,0,37.335308,0,0,VAH30
3390.000161,3.9822459,1489.1287,5.295290568,1402.050767,0,0,37.485424,0,0,VAH30
3420.000162,3.9858296,1487.7501,5.344739286,1414.456897,0,0,37.422218,0,0,VAH30
3450.000164,3.9894919,1487.75,5.394231987,1426.862662,0,0,37.066669,0,0,VAH30
3480.000165,3.993233,1489.1287,5.443772058,1439.268668,0,0,37.216789,0,0,VAH30
3510.000167,3.9972103,1487.947,5.493360792,1451.674504,0,0,37.208889,0,0,VAH30
3540.000168,4.0011482,1489.1287,5.542997602,1464.080145,0,0,37.248394,0,0,VAH30
3570.00017,4.0052438,1489.5226,5.592685953,1476.48597,0,0,37.611843,0,0,VAH30
3600.000171,4.0093789,1487.947,5.642426446,1488.892004,0,0,37.216789,0,0,VAH30
3630.000172,4.0137105,1488.5378,5.692221015,1501.298123,0,0,37.343208,0,0,VAH30
3660.000174,4.0181603,1488.5378,5.742070486,1513.704166,0,0,37.311604,0,0,VAH30
3690.000175,4.0226893,1487.947,5.791976449,1526.110285,0,0,37.540733,0,0,VAH30
3720.000177,4.0272179,1489.3256,5.841937843,1538.516218,0,0,37.200989,0,0,VAH30
3750.000178,4.0319829,1487.75,5.891958746,1550.922248,0,0,37.319504,0,0,VAH30
3780.00018,4.0367088,1489.7195,5.942038852,1563.328421,0,0,37.311604,0,0,VAH30
3810.000181,4.0415525,1488.7347,5.992178318,1575.734412,0,0,37.216789,0,0,VAH30
3840.000182,4.0465536,1488.3408,6.042378575,1588.140094,0,0,37.445923,0,0,VAH30
3870.000184,4.0515552,1487.5531,6.092634682,1600.544247,0,0,37.240494,0,0,VAH30
3900.000185,4.0565958,1488.1439,6.142942793,1612.945805,0,0,37.477524,0,0,VAH30
3930.000187,4.0614395,1488.5378,6.1933107,1625.347297,0,0,37.38271,0,0,VAH30
3960.000188,4.0664802,1488.3408,6.243741562,1637.748897,0,0,37.327404,0,0,VAH30
3990.00019,4.0714421,1489.1287,6.294251635,1650.154839,0,0,37.224689,0,0,VAH30
4020.000191,4.0763249,1489.9164,6.344826442,1662.5618,0,0,37.38271,0,0,VAH30
4050.000192,4.0811687,1489.7195,6.395462547,1674.969056,0,0,37.327404,0,0,VAH30
4080.000194,4.0860519,1489.5226,6.446159249,1687.376315,0,0,37.517029,0,0,VAH30
4110.000195,4.09062,1488.7347,6.496912185,1699.783465,0,0,37.327404,0,0,VAH30
4140.000197,4.0950699,1489.1287,6.547719798,1712.190484,0,0,37.366909,0,0,VAH30
4170.000198,4.0995202,1488.7347,6.598581721,1724.597283,0,0,37.114075,0,0,VAH30
4200.000199,4.1038127,1489.9165,6.649496594,1737.004008,0,0,37.185188,0,0,VAH30
4230.000201,4.1079473,1488.3408,6.700462145,1749.410581,0,0,37.232594,0,0,VAH30
4260.000202,4.1120038,1488.5378,6.751479294,1761.817464,0,0,37.224689,0,0,VAH30
4290.000204,4.1158233,1489.1287,6.802543584,1774.224287,0,0,37.114075,0,0,VAH30
4320.000205,4.1192102,1489.1287,6.853649605,1786.631039,0,0,37.121975,0,0,VAH30
4350.000207,4.122715,1488.9318,6.904798824,1799.037722,0,0,37.106174,0,0,VAH30
4380.000208,4.1257081,1488.3408,6.955985374,1811.444453,0,0,37.319504,0,0,VAH30
4410.000209,4.1285038,1489.7195,7.007207293,1823.851349,0,0,37.335308,0,0,VAH30
4440.000211,4.1311817,1488.1439,7.058462047,1836.258151,0,0,37.303703,0,0,VAH30
4470.000212,4.1335053,1489.5226,7.1097453,1848.664874,0,0,37.185188,0,0,VAH30
4500.000214,4.1357498,1488.9318,7.161057333,1861.071822,0,0,37.311604,0,0,VAH30
4530.000215,4.1377978,1488.1439,7.212394019,1873.478587,0,0,37.414318,0,0,VAH30
4560.000217,4.1396484,1488.7347,7.263752653,1885.885108,0,0,37.295803,0,0,VAH30
4590.000218,4.1416965,1487.75,7.315137013,1898.291705,0,0,37.216789,0,0,VAH30
4620.000219,4.143508,1489.1287,7.366544366,1910.698428,0,0,37.185188,0,0,VAH30
4650.000221,4.1451616,1488.3408,7.417971924,1923.105075,0,0,37.374809,0,0,VAH30
4680.000222,4.1470914,1487.947,7.469423383,1935.511712,0,0,37.390614,0,0,VAH30
4710.000224,4.1488242,1488.7347,7.520896891,1947.918482,0,0,37.524929,0,0,VAH30
4740.000225,4.1505175,1487.5531,7.572390668,1960.325074,0,0,37.469624,0,0,VAH30
4770.000227,4.152329,1489.7195,7.623907076,1972.731704,0,0,37.477524,0,0,VAH30
4800.000228,4.1541405,1488.7347,7.675445931,1985.138327,0,0,37.248394,0,0,VAH30
4830.000229,4.1559124,1488.5378,7.727005132,1997.544556,0,0,37.509129,0,0,VAH30
4860.000231,4.1576848,1488.9318,7.778586751,2009.950888,0,0,37.351109,0,0,VAH30
4890.000232,4.1596928,1489.3256,7.830195245,2022.357693,0,0,37.556538,0,0,VAH30
4920.000234,4.1614652,1489.7195,7.881827348,2034.764886,0,0,37.327404,0,0,VAH30
4950.000235,4.1635523,1488.7347,7.933485033,2047.172004,0,0,37.430119,0,0,VAH30
4980.000237,4.1657181,1488.1439,7.98517093,2059.579444,0,0,37.335308,0,0,VAH30
5010.000238,4.1678448,1488.5378,8.03688302,2071.986837,0,0,37.38271,0,0,VAH30
5040.000239,4.1702075,1488.5378,8.088624496,2084.394248,0,0,37.319504,0,0,VAH30
5070.000241,4.1725702,1488.5378,8.140395949,2096.801817,0,0,37.501228,0,0,VAH30
5100.000242,4.1751299,1488.3408,8.192199203,2109.209396,0,0,37.603943,0,0,VAH30
5130.000244,4.1778865,1487.3562,8.244036253,2121.616878,0,0,37.619743,0,0,VAH30
5160.000245,4.1806431,1488.7347,8.295906067,2134.024015,0,0,37.556538,0,0,VAH30
5190.000247,4.1837149,1488.1439,8.347815737,2146.43157,0,0,37.517029,0,0,VAH30
5220.000248,4.1870227,1488.5378,8.399765914,2158.838996,0,0,37.564438,0,0,VAH30
5250.000249,4.190567,1488.9318,8.451761468,2171.246757,0,0,37.564438,0,0,VAH30
5280.000251,4.1943474,1487.1592,8.503801947,2183.654046,0,0,37.698757,0,0,VAH30
5310.000252,4.1983643,1489.5226,8.555892369,2196.061359,0,0,37.722458,0,0,VAH30
5320.488253,4.199861,1487.5531,8.574109951,2200.399023,0,0,37.501228,0,0,VAH30
5350.488254,4.1995459,1326.2543,8.62282802,2211.999817,0,0,37.659248,0,1,VAH30
5380.488256,4.1995459,1227.1906,8.667523025,2222.642636,0,0,37.588139,0,1,VAH30
5410.488257,4.1994672,1136.3984,8.708914966,2232.49911,0,0,37.659248,0,1,VAH30
5440.488258,4.1994276,1054.8629,8.747271531,2241.63287,0,0,37.627644,0,1,VAH30
5470.48826,4.1995063,974.90295,8.782774117,2250.086861,0,0,37.746162,0,1,VAH30
5500.488261,4.199585,899.86658,8.815575381,2257.897458,0,0,37.548637,0,1,VAH30
5530.488263,4.199585,829.75391,8.845828997,2265.101411,0,0,37.501228,0,1,VAH30
5560.488264,4.1995459,760.23199,8.873689967,2271.735693,0,0,37.374809,0,1,VAH30
5590.488266,4.1995063,702.72382,8.899306426,2277.835567,0,0,37.374809,0,1,VAH30
5620.488267,4.199585,643.83698,8.922832323,2283.437525,0,0,37.351109,0,1,VAH30
5650.488268,4.199585,590.66162,8.944422789,2288.57862,0,0,37.232594,0,1,VAH30
5680.48827,4.1995459,541.81903,8.964225816,2293.294136,0,0,37.264194,0,1,VAH30
5710.488271,4.199585,496.91541,8.9823784,2297.616607,0,0,37.121975,0,1,VAH30
5740.488273,4.1996245,455.55676,8.999009772,2301.576812,0,0,37.169384,0,1,VAH30
5770.488274,4.1996641,417.15234,9.014247149,2305.205049,0,0,37.137779,0,1,VAH30
5800.488276,4.1995459,381.50516,9.028216557,2308.531458,0,0,36.900749,0,1,VAH30
5830.488277,4.1996245,350.38773,9.041024694,2311.581287,0,0,36.750629,0,1,VAH30
5860.488278,4.1995459,323.2092,9.05277512,2314.37931,0,0,36.68742,0,1,VAH30
5890.48828,4.1995459,296.2276,9.063563653,2316.948286,0,0,36.813835,0,1,VAH30
5920.488281,4.1995459,271.01855,9.073476598,2319.308766,0,0,36.75853,0,1,VAH30
5950.488283,4.1995459,249.35451,9.082594151,2321.479847,0,0,36.734825,0,1,VAH30
5980.488284,4.1995459,230.44772,9.090984875,2323.477855,0,0,36.70322,0,1,VAH30
6010.488285,4.1995063,212.52563,9.098712079,2325.317881,0,0,36.671619,0,1,VAH30
6040.488287,4.1995459,195.19441,9.10583733,2327.014553,0,0,36.884945,0,1,VAH30
6070.488288,4.199585,180.22652,9.112417869,2328.581503,0,0,36.640015,0,1,VAH30
6100.48829,4.1995459,166.44032,9.118502888,2330.030474,0,0,36.766434,0,1,VAH30
6130.488291,4.1995459,154.82051,9.124137599,2331.372217,0,0,36.489895,0,1,VAH30
6160.488293,4.1994672,141.62514,9.129359954,2332.615792,0,0,36.45829,0,1,VAH30
6190.488294,4.1994672,133.55035,9.1342074,2333.770092,0,0,36.45829,0,1,VAH30
6220.488295,4.1995459,124.49085,9.138711171,2334.842535,0,0,36.69532,0,1,VAH30
6250.488297,4.199585,115.82523,9.14290088,2335.840183,0,0,36.69532,0,1,VAH30
6280.488298,4.1995459,107.35657,9.146804056,2336.769611,0,0,36.513599,0,1,VAH30
6310.4883,4.1995063,100.26651,9.150438524,2337.635063,0,0,36.30817,0,1,VAH30
6340.488301,4.1997032,95.53981,9.15383408,2338.443585,0,0,36.276566,0,1,VAH30
6370.488303,4.1995459,88.252815,9.157007099,2339.199148,0,0,36.402981,0,1,VAH30
6400.488304,4.1995063,81.950554,9.159977944,2339.906575,0,0,36.15015,0,1,VAH30
6430.488305,4.199585,76.436073,9.162760693,2340.5692,0,0,36.205456,0,1,VAH30
6460.488307,4.199585,72.103264,9.165372006,2341.191002,0,0,36.181751,0,1,VAH30
6490.488308,4.1995459,67.179619,9.167821673,2341.77432,0,0,36.237061,0,1,VAH30
6520.48831,4.1995459,63.634586,9.170125286,2342.322858,0,0,36.244961,0,1,VAH30
6520.90231,4.1994672,60.87735,9.170155884,2342.330144,0,0,36.260765,0,1,VAH30
6550.902311,4.1967893,0,9.170155884,2342.330144,0,0,35.921017,0,2,VAH30
6580.902313,4.1960802,0,9.170155884,2342.330144,0,0,35.826206,0,2,VAH30
6610.902314,4.1956077,0,9.170155884,2342.330144,0,0,35.407448,0,2,VAH30
6640.902315,4.1951747,0,9.170155884,2342.330144,0,0,35.162514,0,2,VAH30
6670.902317,4.1947412,0,9.170155884,2342.330144,0,0,35.115112,0,2,VAH30
6700.902318,4.1943474,0,9.170155884,2342.330144,0,0,35.067707,0,2,VAH30
6730.90232,4.1941509,0,9.170155884,2342.330144,0,0,34.878078,0,2,VAH30
6760.902321,4.1937571,0,9.170155884,2342.330144,0,0,35.004494,0,2,VAH30
6790.902323,4.1934419,0,9.170155884,2342.330144,0,0,34.712158,0,2,VAH30
6820.902324,4.1932054,0,9.170155884,2342.330144,0,0,34.799068,0,2,VAH30
6850.902325,4.1929297,0,9.170155884,2342.330144,0,0,34.783268,0,2,VAH30
6880.902327,4.1927724,0,9.170155884,2342.330144,0,0,35.083508,0,2,VAH30
6910.902328,4.1924968,0,9.170155884,2342.330144,0,0,34.767464,0,2,VAH30